Year,dep_id,Month,prediction_all,prediction_019,actual_all,actual_019
2018,11,1,151.626895338725,106.91911736126694,157.45533136625943,107.86909879239253
2018,11,2,35.39213795855083,76.71090693826986,31.49106627325186,74.76926970242829
2018,11,3,135.22311862852402,86.40591735588949,135.92377847844284,89.07277244098788
2018,11,4,131.1454004780767,111.69469361695172,129.0334140858112,117.59727472810468
2018,11,5,110.28349184152621,92.8696706564353,109.13740331817164,95.8628110823036
2018,11,6,142.8299749500902,117.19465064799235,142.1940769428702,119.63428632049934
2018,11,7,110.93165486324553,97.28800537759875,111.76953588958341,96.47391456002202
2018,11,8,27.256599414489,126.80199875086599,22.35390717791659,131.93434309658937
2018,11,9,5.7003983607176485,116.25045675728829,4.470781435583226,118.33902019201068
2018,11,10,80.26960460685062,109.04751049126564,84.22487678812614,108.20206045424985
2018,11,11,19.049910124248587,99.04985999468093,16.844975357625113,99.10260966653436
2018,11,12,5.770094220020085,112.98752029117814,3.3689950715249757,114.54786302938139
2019,11,1,3.948861975456523,110.37219007421929,0.6737990143049258,113.12307617184821
2019,11,2,108.29746274654929,42.19400036258195,111.24238713754028,33.93692285155447
2019,11,3,123.94397614488635,59.64041204856282,124.09713581763071,58.647979786564086
2019,11,4,33.38635232729312,72.63999955828427,24.819427163526097,72.11965973345416
2019,11,5,133.8715327762842,122.54057566090025,134.58945065649766,124.62806664861901
2019,11,6,174.47622387001877,148.8269158629632,175.06139324420522,152.49731445594284
2019,11,7,173.45987912368037,133.30405359736528,173.89681281719012,136.6246373325912
2019,11,8,196.2088687180693,97.32707940196146,201.44080356545695,95.51265699726228
2019,11,9,139.79135137872947,131.12262728292674,142.13681910321404,131.6459658277615
2019,11,10,30.651061297719423,150.531777638569,28.42736382064274,154.60268420968563
2019,11,11,9.059518404060041,124.04103790553197,5.685472764128455,125.13952252593954
2019,11,12,100.06853547362867,126.04697823831906,102.98575294294832,128.41729975359013
2018,12,1,0.965512056126085,22.708174998639162,0.0002465108172117042,19.672951130412685
2018,12,2,1.0548107803168443,6.558141926511306,4.930216344234084e-05,5.90188533912378
2018,12,3,502.84902503652324,2.8169074641505034,509.2433018110462,1.7705656017370734
2018,12,4,105.25832864321247,1.6753450385574455,101.84866036220912,0.5311696805210614
2018,12,5,24.652461462241355,3.424889258657314,20.369732072441803,0.1593509041562838
2018,12,6,7.035683715495304,119.97534190378457,4.073946414488313,127.2734254653785
2018,12,7,266.7517980253074,39.31438745296449,269.3248886750392,38.18202763961349
2018,12,8,56.27764252081493,15.848717194108746,53.86497773500775,11.454608291884053
2018,12,9,12.402261513371279,12.31248124884317,10.772995547001504,3.436382487565156
2018,12,10,2.7910828985688485,135.67688144815656,2.1545991094002543,134.31489780678845
2018,12,11,2.140124801822629,216.43839143963282,0.43091982188005085,215.98699246726588
2018,12,12,371.0429454319689,187.61798639351738,407.48081752486667,222.31353226624748
2019,12,1,571.906973991459,67.67244707728368,581.4804865110301,66.69405967987421
2019,12,2,714.3349107087555,28.072028529272796,681.0932029201591,20.008217903962205
2019,12,3,798.7288226562046,109.10829541665257,876.9361561485604,115.05299696615859
2019,12,4,802.7020470658866,149.582457969183,897.5868089051274,167.79988215036647
2019,12,5,174.23917133363037,195.22728524843478,179.5173617810254,213.91576203756492
2019,12,6,321.1390668728666,245.21002230685843,350.70841647112974,312.5676061331455
2019,12,7,72.34015771109867,98.8048206735363,70.14168329422586,93.77028183994364
2019,12,8,276.2581471352886,47.16388128870927,282.5384360509868,28.131084551983072
2019,12,9,60.14063455454468,25.391522828443904,56.50768721019734,8.43932536559493
2019,12,10,13.697944040155125,167.98599982809813,11.30153744203942,166.1075950021334
2019,12,11,4.943327742764903,220.6653927501937,2.260307488407838,219.46643875948223
2019,12,12,5.809100114057797,190.12616022421884,0.4520614976815676,193.06555182197624
2018,13,1,1.3085328956513909,22.76054408111462,0.37914759793598257,26.72321031515119
2018,13,2,52.3258997285549,17.074810518443392,55.62964318692682,20.13368882731973
2018,13,3,62.68147242675825,15.416650207956456,66.67974230472497,18.15683238097036
2018,13,4,67.70661456894575,19.923011486545672,68.88976212828463,23.6221383134527
2018,13,5,87.73586304141482,16.280458586365622,87.84970398210969,19.203367226810272
2018,13,6,121.16586386648596,22.903708139009836,119.41859918654463,23.93609876720467
2018,13,7,99.47061089840288,18.28109954367974,97.95547139376174,19.297555362935807
2018,13,8,83.36326389090033,22.50146214501993,84.40387689064852,23.964355208042406
2018,13,9,53.841631972913966,28.56182776794991,53.91665115635614,31.422758027961528
2018,13,10,64.69239085583004,27.49466258446237,66.33714389861085,27.601916007550148
2018,13,11,49.773024853554006,29.50224759517238,50.3033045579486,32.51402626781388
2018,13,12,12.807283191703405,29.88218246991377,10.060660911589698,33.98765934589304
2019,13,1,4.588926541242654,24.621428278087222,2.012132182317916,28.371386402929513
2019,13,2,35.23435765248378,23.443604350000417,37.43830221468995,26.686504520040472
2019,13,3,60.00002523838725,21.47975443597869,63.04147411027756,26.181039955173805
2019,13,4,105.84465517580823,17.88110575271446,105.19798426762154,19.971037719326524
2019,13,5,104.80989057040546,16.130427293151183,104.37031735453377,18.10803704857235
2019,13,6,80.27931139660136,16.114096314427382,76.4278771382463,17.549136847346112
2019,13,7,90.58616126317908,21.453426954868593,89.35732698410203,23.439829653365496
2019,13,8,73.31770486724085,22.97196121157525,73.42527906416001,25.207037495171235
2019,13,9,87.92987910582615,24.44777881414034,88.75680736928477,25.73719984771305
2019,13,10,44.58572885274074,24.802232125084814,45.52826830752669,25.896248553475534
2019,13,11,43.765571318144445,28.750958494116706,46.14152943973172,32.00232603159152
2019,13,12,54.68518585374508,25.804752985959702,55.52315061072936,27.77578640863905
2018,14,1,1.4014851092625624,177.4145306096107,1.423955351921134,182.0286441250782
2018,14,2,0.5923968886149973,181.52126408868824,0.2847910703841342,181.83421343165503
2018,14,3,0.07133891730841022,284.825422974524,0.056958214076849915,278.70969008582364
2018,14,4,0.2547591374985891,91.41321987567024,0.011391642815369979,83.61290702574706
2018,14,5,1.0825423148663271,207.0663344297265,0.002278328563073996,218.95148383211523
2018,14,6,0.8185278726052467,68.46391586398643,0.00045566571261479905,65.68544514963455
2018,14,7,1.231391201982772,20.739146693468797,9.113314252295978e-05,19.705633544890368
2018,14,8,0.7356846654201931,8.193198807765784,1.8226628504591953e-05,5.911690063467041
2018,14,9,0.5458616127690343,4.890358954943081,3.6453257009183892e-06,1.7735070190401123
2018,14,10,0.9239412337348437,3.662225245583979,7.290651401836777e-07,0.5320521057119991
2018,14,11,426.7946238274468,5.831794269937794,435.1715405399736,0.15961563171353912
2018,14,12,83.59972510504849,82.7827428779093,87.03430810799462,90.92332768532235
2019,14,1,18.895183705477244,28.162002013042066,17.40686162159888,27.27699830559667
2019,14,2,2.6367546108487954,8.363979664049458,3.481372324319683,8.183099491679002
2019,14,3,0.30111416094453003,4.295159192432091,0.6962744648638672,2.454929847503657
2019,14,4,0.30822205992095597,3.096024864443973,0.13925489297277344,0.7364789542510366
2019,14,5,0.6613733785335673,0.9389471696052615,0.027850978594558266,0.2209436862752677
2019,14,6,0.6763603124546815,0.6193795192251292,0.005570195718911652,0.06628310588260009
2019,14,7,0.7971629838485202,0.12281840926882943,0.00111403914378233,0.01988493176478003
2019,14,8,1.4838226687738736,0.21774769994608748,0.00022280782875646593,0.005965479529434009
2019,14,9,0.5212720819258895,0.5169704820388915,4.456156575129318e-05,0.0017896438588302032
2019,14,10,1.4493589469647754,2.11868370291711,8.912313150258634e-06,0.000536893157649061
2019,14,11,2.691946613528694,2.7912444900571804,1.7824626300517262e-06,0.00016106794729471834
2019,14,12,0.7261488166028182,115.96429209047776,3.564925260103451e-07,121.16730564812853
2018,15,1,107.98769528737705,109.3470987695103,107.25922623779249,113.43241697838914
2018,15,2,107.12602663840043,87.92747615842946,104.78256574856792,88.55499089100171
2018,15,3,144.3262548527325,85.40607365723888,141.3231094289494,87.15012593117274
2018,15,4,238.43727301852377,84.70866513368912,241.22090761059184,86.72866644322403
2018,15,5,202.94981349064204,100.11445407713342,205.6466535795806,104.77731719600105
2018,15,6,196.85050117106255,116.14341561712277,198.53180277337842,122.30863815460859
2018,15,7,186.05319768105838,100.68135757125164,187.84986366758133,103.33458297664198
2018,15,8,140.32619363882546,137.58950712739005,139.41863112363896,146.10926935434975
2018,15,9,93.25024366427121,157.91406022169616,92.69650883662402,165.00003813404936
2018,15,10,75.96002052956656,148.4767155387555,74.09311543466443,152.49218016879755
2018,15,11,99.48054946459531,144.1768118612313,98.14934358794233,148.739822779222
2018,15,12,93.99113737711805,142.7355374443954,93.70162027404123,147.61411556234938
2019,15,1,95.04805096260846,114.41841517257997,92.81207561126112,116.98458906535141
2019,15,2,130.77193199399105,99.87081412182033,129.67004245693144,101.73736824986486
2019,15,3,174.79884301899895,113.60735470520213,174.07751160429197,121.39665347076773
2019,15,4,217.32777459097824,109.18187243576745,219.9948812119905,115.17771330426413
2019,15,5,282.37357725293987,96.73873423052503,284.73216880086994,101.19530552153863
2019,15,6,319.69205894836836,103.31363145308814,325.4565331523155,109.11730891949543
2019,15,7,275.14077132512745,134.4561285868639,278.0475923552651,141.78572427081863
2019,15,8,201.27168221566387,122.39651306353646,203.75302158395874,127.35279741066668
2019,15,9,142.393401531238,146.83062425120298,142.5992627069144,153.3147336845572
2019,15,10,94.41371683443242,154.6345412781305,93.33263515327913,161.10331456672432
2019,15,11,103.99288792164077,150.71794651471944,101.99724753166527,157.3815259649873
2019,15,12,95.75860794825842,147.96168375852403,94.47120106278582,156.26498938446616
2018,16,1,-1.7088254142535182,168.8563464392716,0.001251516457326878,178.94311896473846
2018,16,2,1.6473520073849774,55.72647470471908,0.00025030329146537555,53.682935689421505
2018,16,3,1.66322741874858,18.663790612606135,5.006065829307509e-05,16.10488070682646
2018,16,4,3.85006302064717,8.557313455103483,1.001213165861502e-05,4.831464212047938
2018,16,5,2.2138465346032783,5.645854700803684,2.002426331723003e-06,1.4494392636143383
2018,16,6,2.5585408418492124,176.0399180370274,4.004852663446005e-07,176.1273549043137
2018,16,7,311.2240438085287,56.08992425869961,324.0639131395783,52.83820647129411
2018,16,8,68.21021430114948,137.1522833254959,64.81278262791555,143.07708213551987
2018,16,9,15.526906923772662,170.1474459715348,12.962556525583086,176.2071077011748
2018,16,10,3.2265990148158608,185.5962369244291,2.5925113051165707,192.20447823725854
2018,16,11,2.3540143724480154,66.77518183306174,0.518502261023291,57.66134347117757
2018,16,12,-0.2962071184259739,158.5399687936166,0.10370045220466496,156.64074896825935
2019,16,1,1.0188509019282768,167.36309702901278,0.02074009044093299,174.21784488460938
2019,16,2,0.1656059362619649,204.78621692481053,0.004148018088186598,209.78278799145053
2019,16,3,-0.5365273971626932,193.15570611867366,0.0008296036176373194,202.27718232434128
2019,16,4,0.7829598724348027,64.91543263016246,0.00016592072352746384,60.68315469730233
2019,16,5,0.6311156082171965,19.707784413677253,3.318414470549276e-05,18.204946409190672
2019,16,6,1.0986551658152484,7.113343068864253,6.636828941098551e-06,5.4614839227572025
2019,16,7,266.94162671969605,5.057904794912086,277.76906966406403,1.638445176827126
2019,16,8,55.94819590307728,1.1323469040640521,55.55381393281269,0.49153355304814644
2019,16,9,10.328173155952758,1.2908730708126421,11.110762786562445,0.14746006591440067
2019,16,10,1.479629374799216,0.3680458428072375,2.222152557312466,0.04423801977433349
2019,16,11,1.339022261503563,1.7297511394771874,0.4444305114624932,0.013271405932300051
2019,16,12,0.7663909065304951,2.6036998286510213,0.08888610229250038,0.003981421779690015
2018,17,1,1.39260346787424,86.87157735848463,0.0003702402447995783,87.40802510031135
2018,17,2,3.5499679727407942,61.39328758901413,7.404804895991568e-05,62.57258472841671
2018,17,3,6.616740513846798,58.005774654516486,4.629499281888022,61.18031548323557
2018,17,4,7.02005823356547,57.94355173674627,5.555384328655909,60.76263470968114
2018,17,5,7.827205766294284,85.37034398065822,5.7405613380094165,90.929144809551
2018,17,6,7.1133150275167525,104.42511301155587,5.777596739880163,106.03746070589918
2018,17,7,5.554195435825674,127.14251840003116,5.78500382025429,128.7450440739653
2018,17,8,2.406208129835265,121.09867783520521,1.1570007640507656,123.44059335161066
2018,17,9,0.9364419264656978,117.01151748112883,0.23140015281012993,115.79089526851703
2018,17,10,1.1426351759661364,127.6463489253689,0.04628003056203473,125.61271157636338
2018,17,11,0.8951835753630041,110.35789304071906,0.009256006112406944,110.38416786955561
2018,17,12,4.077161680559151,93.60075760474373,4.631335673500725,93.69887902473889
2019,17,1,4.5852168965332485,81.08525955819499,5.555751606978449,82.6349295049066
2019,17,2,8.632914523133019,29.38589120880664,10.370119265952228,24.79047885147198
2019,17,3,7.7482065485148635,59.59341809403269,11.332992797747007,61.96240945292654
2019,17,4,10.593361507619058,75.71373139784981,11.525567504106009,79.17235149975014
2019,17,5,17.0307501338098,70.47317810141205,20.82305138993435,72.21860838102278
2019,17,6,17.853430084490935,98.25957737674557,22.682548167100062,100.42429977734069
2019,17,7,11.89528685975666,124.18601176043664,13.795478577976574,127.06109579539773
2019,17,8,6.82332665699285,103.69458385034157,7.388580187873526,104.76032026887871
2019,17,9,5.244764418051854,122.56884797554866,6.107200509852985,122.30353907647195
2019,17,10,1.7136368007959817,218.25960974155635,1.2214401019705048,218.44194771455815
2019,17,11,1.140426872976486,185.60477468922815,0.24428802039405462,186.6998416421118
2019,17,12,0.8324518350452175,132.70800566088403,0.048857604078824196,134.7686697556674
2018,21,1,20.68239270530515,122.48512174971435,16.70039968612478,124.22696154872982
2018,21,2,7.70661343083914,87.43156934539999,3.3400799372249557,85.73499139571669
2018,21,3,94.63387865802603,84.23976684152797,93.25770543301107,86.30412608258725
2018,21,4,165.30198841214835,79.00250338438846,166.79504419950786,80.41650362226113
2018,21,5,153.62625634603924,90.01240499414864,153.72560511913736,90.76694261693777
2018,21,6,133.85255641242438,109.29673258183446,132.5937794139501,112.04716291450245
2018,21,7,136.37736334075765,94.55787216521192,137.62638321746925,94.19777753822294
2018,21,8,93.07797834382808,127.90276250543286,92.33805925539006,131.2515019900496
2018,21,9,82.72574434135194,156.42783503161496,83.28039446297423,160.54270792475927
2018,21,10,90.02264213545952,132.34205026480308,90.72783044904766,132.9798925068489
2018,21,11,81.88413203462765,141.67268940805437,82.95834870170579,142.88613648063736
2018,21,12,20.504980477140144,113.97548525565047,16.591669740341086,115.56619534083787
2019,21,1,59.149839372262996,100.45038991622089,58.87214761540784,101.31185013251074
2019,21,2,113.43024633946412,84.46476745289732,113.62308791320424,84.9188208372382
2019,21,3,134.59784308896195,89.81239257889027,133.83224491732008,92.11763778143087
2019,21,4,149.8002586446704,92.26172090606272,147.13304526269988,94.27728286468867
2019,21,5,288.9090405488612,86.53062481040497,288.6777395001249,88.86681352327878
2019,21,6,379.4503859061823,89.47386762413902,381.7994609595063,93.30203558724301
2019,21,7,387.5314149303307,107.33896305489948,381.90586736226925,112.807690805594
2019,21,8,335.12160307123565,99.01902652695708,335.6323039200388,100.48429877193762
2019,21,9,230.67488165402284,102.6591563356263,233.7879017860267,102.84564402822794
2019,21,10,131.3389257172886,148.44362549411892,130.08830085821472,152.02095053621275
2019,21,11,109.61692748497002,146.7111042808423,109.34838067265237,148.59845388944657
2019,21,12,94.83597301651783,148.35080052547863,95.9414276909833,147.57170489541676
2018,22,1,2.7864656176249767,146.21307824489153,0.29571813566921273,146.91083887303708
2018,22,2,2.5841623069166197,105.32476036839579,0.05914362713384501,104.65688032578335
2018,22,3,162.72650468735173,90.0432423515808,166.67326972744567,91.98069276160722
2018,22,4,242.34442308576462,70.50583321521353,246.2909396702911,70.00274789319265
2018,22,5,267.04795272759503,96.06979748141285,271.4734426034167,99.75954163099163
2018,22,6,200.99590564512062,84.84249637459277,202.43819163358904,84.45312828678243
2018,22,7,270.2901117236025,85.53970972752907,271.96186194063296,85.91956714990694
2018,22,8,201.53158829421938,118.46730768428404,202.53587550103228,122.7096760071676
2018,22,9,45.22774333365677,125.62426298180944,40.50717510020646,127.68834579795853
2018,22,10,152.24258586888186,118.80096064118247,156.24493813294694,117.06522100242144
2018,22,11,30.897090540307843,148.05609220345073,31.248987626589322,150.22846076208364
2018,22,12,8.134793604840725,112.55817090801396,6.249797525317865,111.71052975888449
2019,22,1,2.548520974192291,95.91831227659756,1.2499595050635035,94.09678759153755
2019,22,2,2.3943706064608676,87.31268970385189,0.24999190101270072,88.81266494133347
2019,22,3,3.1897133492143768,91.38509081415461,0.04999838020254299,93.28579101265942
2019,22,4,162.82160992745915,86.60529847066537,166.67144067805938,88.56936596767004
2019,22,5,407.1917878686349,74.87121297030775,412.9520148624328,75.0377127213987
2019,22,6,788.1284544121238,89.98987171314717,795.5310117033454,89.15330534667905
2019,22,7,841.2843571784774,91.85837511595179,872.0468110715278,93.38798313426312
2019,22,8,838.8490650288214,90.14683528470464,887.3499709451644,94.6583864705383
2019,22,9,501.32360508813656,91.16464860779156,510.79287619307075,95.03950747142096
2019,22,10,202.31244429162064,94.50026470768083,204.0072336287368,95.15384377168569
2019,22,11,179.16763751118498,97.9120439122387,179.68598089409636,95.18814466176508
2019,22,12,127.69880461105058,99.569914971157,128.5268856243853,95.19843492878897
2018,23,1,62.11867194271897,241.6684135938018,60.535862617693155,235.3243409898752
2018,23,2,51.71810892592356,147.37630330080012,49.14304830176501,143.2976566936092
2018,23,3,84.8865986330535,131.5167237287022,83.90036121680582,133.86474000389106
2018,23,4,147.3421221238611,109.79515792299699,146.40563746715367,112.85977639781397
2018,23,5,176.03073591267216,93.46478476348864,177.42463060633642,94.4415615832164
2018,23,6,182.25640547597774,88.16111443587272,183.6284292341729,88.91609713883709
2018,23,7,102.39695131401929,88.00285143543006,101.53846845873079,87.25845780552336
2018,23,8,86.35121271422312,114.73057091164267,85.12047630364239,117.0529803374653
2018,23,9,47.88982786721108,183.2132960428548,44.80100209439823,186.57496576092012
2018,23,10,55.62865548892531,181.95421725351113,55.25504514166266,183.1981099224077
2018,23,11,64.78237410763563,158.69402434897668,66.60482269567215,157.951601705305
2018,23,12,50.65907489130919,130.32859745025488,50.356840317360835,132.2025606410126
2019,23,1,40.73208953720161,106.36315732699384,37.84827489714195,106.30275972256318
2019,23,2,54.7321863454644,87.04768788421302,53.86449970221138,86.4160937142539
2019,23,3,66.9713526376227,85.88606159173406,66.32671360778183,86.50845677814837
2019,23,4,141.67774872505709,80.70709806019147,142.89090794534889,80.47780283092943
2019,23,5,220.09852209574407,78.11801280832654,223.01652942475855,78.66860664676379
2019,23,6,328.9790516688931,83.25346749956181,331.6313431662064,84.1842106579013
2019,23,7,356.880574063358,89.00259872631209,362.61327485905275,91.89725472762981
2019,23,8,244.68689370591636,108.45451055547734,248.44306491838606,112.38625654770999
2019,23,9,177.67623840348742,150.05632598449301,179.31417820746972,154.88313429205743
2019,23,10,156.85744989535212,168.97221960756085,156.2294319207298,173.69056048174883
2019,23,11,95.85837501179408,170.1109743724367,96.05866899604219,173.27442547226906
2019,23,12,74.96392798195815,162.56541249240558,74.76554746654807,167.0912221030379
2018,24,1,8.162713175476044,124.07018139391435,9.326173696658184,121.75767171235363
2018,24,2,4.796331812064309,109.81881753872226,1.8652347393315905,109.22765591035274
2018,24,3,3.3241770484908355,128.03274426090601,0.3730469478662487,129.7021026353013
2018,24,4,90.58172591328129,115.42352739037067,92.66429883513932,117.66934805362423
2018,24,5,137.77495232127478,117.40241074327939,138.89945604626377,120.11788454550837
2018,24,6,294.4810303724905,112.31809769690702,296.2899906013943,114.7940826266864
2018,24,7,292.0199533161397,100.24122503812043,290.73222173419407,101.0802163182653
2018,24,8,214.66655871592087,121.81581404919604,215.54891640430114,127.25787075767515
2018,24,9,196.0731689681254,117.96743767404197,200.51225533832255,122.99444135672356
2018,24,10,169.89860329743198,146.05471414198976,169.72801629145695,152.00722686837426
2018,24,11,97.06583124612055,157.69454448515827,98.75838587018762,160.71106252186945
2018,24,12,73.80462155245183,143.85913798316676,75.30549084137718,145.14712461875632
2019,24,1,19.02244111893513,191.1924376946077,15.061098168275388,195.00320904530741
2019,24,2,6.383378704521192,181.16598878914732,3.012219633655008,179.66822004133664
2019,24,3,36.96109124930621,132.28872392884304,37.63831970495741,132.65918327543486
2019,24,4,71.52691397968363,121.71404546836136,72.3404465528877,124.61483511205157
2019,24,5,225.08030749170305,96.95206716516414,227.4243750353795,97.96807919748765
2019,24,6,319.8912542789758,89.60660300185195,323.25394334377404,89.9740524231185
2019,24,7,504.6730402009455,91.73386840672958,509.08129800747196,93.63420725719496
2019,24,8,561.287633185038,97.6922446798373,555.5057378847681,100.79061657380508
2019,24,9,504.7351912408056,102.70151696487432,509.23681219288767,102.93753936878814
2019,24,10,360.2583071170711,168.10605555944272,361.0984928861626,176.28197060392975
2019,24,11,213.9559585833459,206.65590506474004,211.10423274558158,210.40202570724665
2019,24,12,143.14750780357883,189.4833299673736,144.06950493923893,190.34622790630567
2018,25,1,17.548603804850693,11.175728759949372,15.530573249524803,11.724192853584869
2018,25,2,3.6541518705706584,8.855326801660299,3.106114649904961,9.575620722462647
2018,25,3,53.09020609936399,7.604281161792319,56.17503659732057,8.931049083126025
2018,25,4,148.6963996584511,8.152136436478441,150.11954148781314,8.737677591325028
2018,25,5,160.49090354837728,7.575258566775614,159.64947352135508,8.67966614378472
2018,25,6,284.7068481676886,7.176763222306544,281.9220562072994,8.662262709522569
2018,25,7,524.300516444037,5.606098370311438,519.3328584692902,8.657041679243983
2018,25,8,457.30929846717623,6.060068270263363,464.96636053156567,8.65547537016039
2018,25,9,348.2055144721347,7.274066115330259,352.24440255389817,8.655005477435267
2018,25,10,180.76407558860194,7.783652295931381,181.5565078454589,8.654864509617775
2018,25,11,109.69960844368453,9.614407676852563,110.38305312554465,8.654822219272562
2018,25,12,95.18824475022048,11.717301083981596,96.14836218156172,8.65480953216893
2019,25,1,73.86257567622383,10.406884994058064,74.78348610365195,8.654805726037857
2019,25,2,117.06151771802932,10.136438516507502,116.80535561085307,8.654804584198562
2019,25,3,87.94280008072252,7.986856419677588,88.17385373406682,8.654804241646781
2019,25,4,203.2286279938481,7.20107740369014,202.81414963794552,8.654804138881195
2019,25,5,282.9625167468187,8.061498013162748,281.29602248606085,8.654804108051572
2019,25,6,507.4825234466274,8.10617142364015,528.4666206695991,8.6548040988027
2019,25,7,702.6024070854147,8.424085856218918,679.7493986964295,8.65480409602797
2019,25,8,573.3180559608952,7.831227578318659,571.1214201334465,8.654804095195551
2019,25,9,488.33974668820423,7.841178435777923,503.1009796980668,8.65480409494586
2019,25,10,409.732311101419,12.953215828781149,415.4251400545379,14.713166961258217
2019,25,11,349.11055728229906,16.63138153292095,351.5951274030492,16.53067582115188
2019,25,12,232.69487545393665,18.420461868191136,236.98046648262874,17.07592847911998
2018,26,1,47.00445493421082,83.38451540521523,47.1334620722716,80.32677892681419
2018,26,2,39.56340647671794,75.62036950859549,37.20359924812405,72.56493660914198
2018,26,3,45.352420577305494,87.70363562625246,44.476595627851154,88.41147251300198
2018,26,4,56.02470141001272,81.76121365010921,55.1901638483532,81.04870755138558
2018,26,5,85.65540567082606,75.32029146303051,85.1097843261234,72.78151519651342
2018,26,6,127.55389116816289,76.10095559917758,128.12958419990392,76.35972035643901
2018,26,7,128.2175497375512,66.7956437498089,127.47457523010341,65.31645617164224
2018,26,8,92.30428026553147,84.27696720660072,90.30769765791685,86.23692838175211
2018,26,9,74.86577451293438,90.08457166366284,73.61535319892297,92.51307004478504
2018,26,10,62.964251649911695,87.69454249578841,61.017915362567635,88.33754967730765
2018,26,11,58.826324220564565,93.39425184069742,58.498427795296536,93.14325643345174
2018,26,12,58.538678493935045,88.15294208274051,57.99453028184228,88.52660559390772
2019,26,1,58.52125314764762,82.07179699968852,57.893750779151496,81.08324747565727
2019,26,2,58.74149755490739,68.83778145347729,57.87359487861324,66.7335143074077
2019,26,3,59.562062698965285,79.64006060277076,57.86956369850569,80.60368295609449
2019,26,4,86.20350852661537,78.18185378909334,85.64566429615398,78.70637068431328
2019,26,5,156.28314841626937,67.70835598088227,156.0136670275799,66.02045127000454
2019,26,6,250.47838902211862,68.95981969456234,253.41798807487453,68.2730383120991
2019,26,7,354.57228737341484,73.53487698246705,356.22957278534295,75.00717729111473
2019,26,8,327.84855433941533,70.64735101206155,330.49704500465356,70.96905611843216
2019,26,9,239.35226977251054,84.33727117077862,242.01981894750617,87.93270836578901
2019,26,10,195.05563947521128,86.5361735896721,196.54746690240694,86.9634411736089
2019,26,11,183.77208854654103,113.54273131466873,187.45299649338705,116.96447534789095
2019,26,12,137.83681678317592,119.1571735548937,139.33925768880007,119.90642273378835
2018,27,1,6.182176452302874,214.7385177282865,9.262671347369842,212.36741947325277
2018,27,2,3.4409288758139276,173.93260064306773,1.852534269473899,172.76075743694582
2018,27,3,6.893076517010181,142.69557375013216,9.629475798451342,142.703670226892
2018,27,4,3.855117128761643,134.12732344734235,1.925895159690222,133.68654406387589
2018,27,5,7.357359736019029,154.61155771312744,5.014663504216325,155.21485768051997
2018,27,6,10.442764196020638,169.3498572416837,10.261901645399849,173.79007749828764
2018,27,7,10.129203871693335,146.84852686206676,11.311349273636486,149.07082911168177
2018,27,8,11.05233933432869,136.54519335988277,11.521238799283811,135.59669172931285
2018,27,9,5.555148670631447,160.81733631872734,2.3042477598566933,161.84626484653822
2018,27,10,5.245212840535549,173.1883069383407,5.090334024249573,175.77949964809306
2018,27,11,5.560211274971199,191.90257229730892,5.647551277128149,192.07619582133404
2018,27,12,3.5842868690269034,182.57124142078484,1.1295102554256298,184.84847894053183
2019,27,1,2.6689311424410573,159.58211690376626,0.22590205108512595,158.44671241074224
2019,27,2,4.973699635298173,172.4535491859916,4.674664882495305,174.75963391735434
2019,27,3,3.7943640760990616,170.85049132459568,0.934932976499015,173.59514750295068
2019,27,4,8.670086483147355,158.84510703833976,9.445955539856365,161.12907584585517
2019,27,5,10.443224773530495,139.13823233819448,11.148160052527812,139.2141657495648
2019,27,6,18.667082333563062,165.69739850050533,20.747569899618753,168.9898699190011
2019,27,7,36.654420952082376,145.45344484243614,41.185389758150095,147.6307668378959
2019,27,8,48.11900543011052,146.27891787114672,54.531922674413075,147.2813987799515
2019,27,9,43.06689062983009,134.37797766046137,47.942260313108974,135.05986262979377
2019,27,10,33.98398976797588,156.00061549910453,37.36535889629155,155.62685325029534
2019,27,11,21.23543552475,188.62877835337602,25.991009668371433,192.08876476838185
2019,27,12,12.103967550856018,322.5716537235744,14.457170878230803,330.2529584179395
2018,28,1,26.37899849934549,15.541615478916142,24.63135813162317,17.840023994070712
2018,28,2,86.33390148443536,14.247723885715855,88.25699212733402,17.468732930995593
2018,28,3,19.85690890287482,13.749012606299802,17.651398425466756,17.35734561207313
2018,28,4,5.725153378550484,10.18982980156578,3.530279685093305,11.265566550009108
2018,28,5,2.004586177518003,11.223399078431127,0.7060559370186378,15.49639569777713
2018,28,6,90.33245730876075,12.731640518814642,92.73090063296978,16.76564444210759
2018,28,7,78.68000863256455,9.434262817466017,83.3589627384902,11.088056199019482
2018,28,8,19.605374361216274,12.073895098689885,16.671792547697997,15.443142592480225
2018,28,9,4.310159883643965,9.298327573852301,3.334358509539599,16.749668510518518
2018,28,10,1.517652047809428,8.412850912192612,0.6668717019078273,11.083263419542707
2018,28,11,89.67526073727129,12.548458209321742,92.72306378594759,15.441704758637254
2018,28,12,20.6087965693786,12.652962801860884,18.544612757189473,16.749237160365585
2019,28,1,5.397815987033599,11.363453911416237,3.7089225514378716,17.141496880884056
2019,28,2,-0.4430516684686238,7.112293820271287,0.741784510287528,11.200811930652447
2019,28,3,-0.5864354464855877,14.699186243297305,0.14835690205743615,21.535332178357343
2019,28,4,1.1607110157122507,11.896960352736228,0.02967138041150322,18.577325386281636
2019,28,5,171.94124115791578,9.398906594589704,175.92634422265778,11.631560482271677
2019,28,6,276.63192061692257,12.665159036675673,275.91846140300333,15.606193877455945
2019,28,7,554.7551804405962,11.416216775782182,555.1680152866576,16.798583896011156
2019,28,8,846.423317066125,8.876471890018367,861.0100875664167,11.097938035190568
2019,28,9,975.2944552330474,11.001939836871504,1098.098911968944,15.446107143331595
2019,28,10,782.1568070971822,12.815687696554532,821.4527637899682,16.75055787577391
2019,28,11,575.4000058335619,20.517047002457335,580.9441552630409,23.20025596189381
2019,28,12,399.1465237097807,29.256736913371373,412.47583727841965,31.19352825411698
2018,29,1,46.31285936609271,121.81247077558793,46.40780777298254,121.21649972148683
2018,29,2,62.38640673764658,108.30657720862314,64.83537522193606,109.06530431309272
2018,29,3,61.40921794659619,103.30407037193378,59.261919767170156,105.41994569057441
2018,29,4,59.38677291702818,85.67706366761189,58.147228676217026,86.15124950465733
2018,29,5,76.33962335469441,86.37183938402418,76.44222834713968,86.42900351526941
2018,29,6,108.36517225043305,92.19274897051935,107.87813511499401,92.57069258484019
2018,29,7,105.05009646330366,97.88601807575853,104.90634752400818,100.47156217209869
2018,29,8,76.88981732176157,123.29686714251288,76.53508317214127,127.07527451382511
2018,29,9,61.95187072932249,119.63162090352408,61.60186135721127,122.93966248356863
2018,29,10,49.028159500201355,114.01513282890619,49.356248049668686,115.64061600810443
2018,29,11,54.956600731730205,124.18806204269183,56.1660943327167,125.56762779823963
2018,29,12,48.651007621353436,115.66923879036118,48.26909464476977,116.42900560250568
2019,29,1,47.72445248555616,96.6030891577526,46.689694707180294,95.51233034462388
2019,29,2,56.727041587183436,94.64040248253126,55.63278366421905,95.29569063364656
2019,29,3,75.73463610298892,93.11338055188423,75.93933934474009,95.2306987203534
2019,29,4,116.32716435016053,88.22255274784601,117.03652625907065,89.1528382799782
2019,29,5,188.45655500900796,81.80157222679156,190.068746253833,81.27111728147841
2019,29,6,310.0349330507641,99.90062966516751,315.78281758746476,103.1400524474774
2019,29,7,452.7678786714884,116.68405881928814,452.0332591888705,121.8174587300515
2019,29,8,437.1352304922513,104.10929439342652,442.24747173092516,109.24559201566211
2019,29,9,352.80304303528595,96.83917685263863,356.9595937383266,99.41566913495802
2019,29,10,244.09358117823325,117.62831730186954,247.3123286942408,120.70014373629569
2019,29,11,200.7521987894267,152.21318558571448,206.8649377963105,157.3773004486331
2019,29,12,131.7385665267984,173.67315696250049,133.9626770048281,180.49717319510881
2018,31,1,67.1964950363586,85.95476015413533,66.67022897087406,86.27972670181244
2018,31,2,78.40909301797903,65.30813662739664,78.14682840607107,62.23409520886704
2018,31,3,100.5874443709785,67.45597737903232,98.96008618222359,67.13713149375783
2018,31,4,104.81947225922883,79.00327544794457,103.12273773745414,80.72476811199952
2018,31,5,113.14816287416444,115.96380028489955,113.21423699305684,121.15123629579543
2018,31,6,108.56607471937178,128.99043278129855,105.97356789962078,133.27917675093414
2018,31,7,85.67252639331103,141.22949831557818,86.00749619182041,142.97592175386302
2018,31,8,65.8690529963676,163.17172980424002,63.49634396114705,170.1183967202905
2018,31,9,50.10054241097336,144.11908744958043,49.735144570455766,147.96932487828266
2018,31,10,47.917322559054654,144.94017369168904,46.98290469231749,147.38296619206758
2018,31,11,47.6838007890128,115.83243531754725,46.43245671668993,116.91524425426685
2018,31,12,47.5274089042266,90.08997835152361,46.32236712156439,89.59983907376504
2019,31,1,58.14056386479453,76.6655553008836,55.559318147095915,75.34685465322721
2019,31,2,85.43194073467247,66.37512110614927,85.18361518587203,65.01259646067868
2019,31,3,145.99273838340414,68.24441809199574,146.66228826096693,67.97068186930134
2019,31,4,247.1800474150875,75.07702524024847,251.54771232155193,74.91647035827535
2019,31,5,506.1076747289416,86.97785405338838,503.99902074758404,89.11693263774204
2019,31,6,896.3646120582141,113.66021737190194,915.5890712704983,117.6105227871309
2019,31,7,939.7120387934596,115.92093291970717,997.907081375081,120.10023696556034
2019,31,8,563.5718127564709,115.47631380558744,560.6812051127239,120.84715121908917
2019,31,9,223.22741929525301,122.01354168704864,223.24386835722393,127.12958836153508
2019,31,10,110.61069845011464,178.86088050971094,109.46155628334098,183.5395853017538
2019,31,11,85.43239778192385,251.23416017169384,86.70509386856446,242.87112444853
2019,31,12,72.86216401755696,263.5495506393663,72.89483244105242,266.7289490589501
2018,32,1,12.363228212673809,170.30587602793122,11.204117782415322,175.46352120084723
2018,32,2,20.674054824731755,122.4892291008496,20.75876144559623,125.33941075690085
2018,32,3,22.34849438136988,109.16238183952538,22.669690178232415,110.30217762371686
2018,32,4,23.207483662628796,99.50799715708557,23.051875924759653,99.73264481737449
2018,32,5,21.772125801697143,114.17662623532215,23.1283130740651,114.73687357463338
2018,32,6,32.822950126101226,125.26152545135656,32.40256944848282,125.29650506819831
2018,32,7,32.30607011997237,151.28390826407514,34.257420723366344,152.6978459818167
2018,32,8,32.53613432192194,141.7046176239326,34.62839097834307,142.74315965674054
2018,32,9,23.026730761076383,150.99833933267487,25.44361608478183,151.87347949199216
2018,32,10,14.728883966583808,151.90781531311887,14.347692161512882,154.6125754425676
2018,32,11,11.744649964471078,154.25759552890412,12.128507376859185,155.4343042277402
2018,32,12,13.97671743082014,153.05008486994245,11.684670419928398,155.68082286329204
2019,32,1,19.6983924688772,130.09884390378613,20.854871973098803,131.52132698840865
2019,32,2,21.100197815966023,124.26161611498505,22.688912283732886,124.27347822594362
2019,32,3,39.96486754671868,144.69301731295505,41.57365823497294,146.33257506275305
2019,32,4,44.45409660410157,129.10256345551045,45.35060742522098,128.716852648247
2019,32,5,71.45370147277815,124.426004696936,73.8829040969404,123.4321359238952
2019,32,6,97.98801037682703,145.29757236282944,98.10730132039748,146.08017237213855
2019,32,7,127.51517393451006,151.10741301304236,130.7290875987588,152.87458330661153
2019,32,8,144.48159054403752,135.31782495942934,146.51241379898758,136.73781798779177
2019,32,9,100.94385555560974,155.8564246595071,103.37423431625032,156.1302398576947
2019,32,10,57.292670980152344,185.41704542236607,57.71072264147642,192.2397807506017
2019,32,11,39.63210586364135,237.19875090958905,39.319051361965066,227.30609448402265
2019,32,12,28.22162810596145,281.89501833165923,26.381748161506135,249.94271433682346
2018,33,1,60.458093138022626,156.9836379208017,57.33962190392987,155.92192697921487
2018,33,2,68.52112773962344,126.85273976284745,67.0217380481256,125.53529535679837
2018,33,3,114.01788312481396,121.86791023685001,115.2530059997478,122.47766873646053
2018,33,4,124.32010266097751,142.02216833096512,124.89925959007225,145.79383221590808
2018,33,5,144.60717980084007,149.8905515317674,145.3464481972503,152.78868125974245
2018,33,6,132.72415372730714,169.23725634565224,130.91794802957267,173.06222457205433
2018,33,7,110.1310918610113,197.88559496980614,109.51431010692392,197.31937616490958
2018,33,8,78.78779554053152,322.6109292181177,77.45667568872445,313.6470532377361
2018,33,9,62.92065777258055,301.79729600341676,61.78617986052789,294.0200905620992
2018,33,10,49.90891976443278,273.69847932537397,49.39311175033192,263.89855029385916
2018,33,11,47.45443994913649,195.33159120353284,46.91449812829279,188.22009668312774
2018,33,12,47.18068735412919,148.1246498118247,46.41877540388492,147.34147200074662
2019,33,1,64.09664395372957,142.40553087105243,64.83756874811657,141.13624746241948
2019,33,2,77.86205530319937,137.25962392395655,77.78029636151956,139.27468010092142
2019,33,3,99.2819241024392,131.97415630082887,98.88677977331336,132.65784702608468
2019,33,4,149.38892954375757,143.51188740640274,149.40292117845516,142.78952283640814
2019,33,5,235.23700531855548,144.9606468329642,233.57790101593633,145.82902557950516
2019,33,6,384.0214407471583,170.75146006690986,389.2974311517817,177.03269073437042
2019,33,7,429.883615188158,172.29101332227498,438.9592750680641,174.2770645480555
2019,33,8,328.38552081931823,161.6191645516477,328.5250475720846,161.33365095938663
2019,33,9,176.32060748036224,270.67792894820695,176.81263684909612,260.44279561136864
2019,33,10,100.20222483213632,285.22507504904695,100.17530998171546,265.9420875414144
2019,33,11,82.3560993011414,298.9279116111073,84.84784460823924,273.6502379868154
2019,33,12,72.60080302548339,327.2100992728942,72.5233825889874,318.3712231851462
2018,35,1,59.493930415359884,102.25119159816926,57.299185325916554,101.85341051883418
2018,35,2,61.9948222121534,86.38938442355494,57.75468178796633,85.0812889531352
2018,35,3,86.97573729048764,92.76953912014663,85.62268791404607,92.16637821620002
2018,35,4,77.65366305726343,121.1247772949278,72.67835125014884,124.58371932705553
2018,35,5,65.6237716548034,148.78509783026456,60.83051497281276,152.4840102594738
2018,35,6,52.747012859412195,160.3170155598311,49.201978772788955,160.85409753919933
2018,35,7,41.836462268778924,171.5069654091635,37.617302588227545,169.4234865895042
2018,35,8,37.762323008935596,385.19800427514497,35.300367351315266,426.44554369285896
2018,35,9,26.32796413400478,307.1579458758152,25.578011359376177,321.8012748322488
2018,35,10,25.0086481902079,241.2917432217925,23.63354016098838,235.88272837658076
2018,35,11,23.33539399746431,182.35382377668014,23.244645921310845,179.81535010794417
2018,35,12,34.01613673210787,132.56336205659167,32.42583601793197,132.7033222954171
2019,35,1,43.311755433831564,107.04942695564995,43.521042981812755,106.45298821888453
2019,35,2,48.92232920015803,98.11013355388476,45.74008437458889,98.57788799592478
2019,35,3,83.2915474693468,96.53911340758644,83.21976843137067,96.21535792903681
2019,35,4,154.9145009464581,112.8436923103253,155.52848785462317,113.68168750813217
2019,35,5,270.8882378431314,128.6796030103949,271.8388901293964,131.03831211463515
2019,35,6,371.9613979749244,161.67561357673722,378.43169108536046,166.5371138285221
2019,35,7,456.8308931289642,174.4655542486186,455.3040649438929,177.1867543426883
2019,35,8,284.1018406885444,194.60393788981696,285.4991608244672,198.55673509609983
2019,35,9,132.28143989110032,213.3538611982225,131.17158372134625,211.02609218851046
2019,35,10,74.23288054380063,243.7852828107683,72.5291614670522,239.0003507817825
2019,35,11,60.91192578159658,227.07887189363754,60.800677016193404,217.10081402782808
2019,35,12,59.744281152310855,207.62201778711724,58.45498012602172,210.53095300164173
2018,41,1,81.33356653203256,97.2281758483764,80.68472908252396,95.38252992648886
2018,41,2,90.33547603152343,79.78709994956769,90.2086973729576,77.0816619090444
2018,41,3,128.3689155342844,79.76947776508837,129.14936680927073,77.64976437019833
2018,41,4,119.27471460702434,105.77128331385194,118.41956280742018,108.11200944048053
2018,41,5,98.42371398543258,119.22974949578416,97.7556641179368,123.30904582795249
2018,41,6,121.40587766959108,120.66519884828809,121.39979121370999,121.8097938778068
2018,41,7,89.84452112349842,127.72366494295274,89.09274085463817,127.41838115915033
2018,41,8,67.53857299004078,190.58753351171896,64.1133928937106,195.7429488738128
2018,41,9,51.06161057950263,177.54585949263955,49.85855435696853,173.831779123501
2018,41,10,29.26404927069068,149.36496923367574,28.489648760506853,149.08333959924587
2018,41,11,35.65266653652524,152.5684844405887,33.47483658577112,153.77553347474372
2018,41,12,53.29857837628612,113.01036793493004,52.98981203993722,112.77465157268254
2019,41,1,66.12801849977556,89.1093050969111,66.15177607532699,88.35766126928975
2019,41,2,78.46736042562638,81.54934476116985,78.04313782696164,81.03256417827191
2019,41,3,143.44098505540686,79.36057515361098,145.23419278918485,78.83503505096651
2019,41,4,183.3073222958136,89.64036931104036,186.44931061529925,90.29250204554937
2019,41,5,278.1627786075109,109.51673778456285,278.02305468153156,111.90483074308592
2019,41,6,422.64402531534387,134.25237238338374,425.9633687185706,136.56361795150855
2019,41,7,462.7368870264534,143.15415588136793,464.810400470535,143.96125411403534
2019,41,8,312.6000891052761,178.7333264469692,315.1773347634656,182.5307221611167
2019,41,9,166.0937707869933,175.3861484643677,164.88412534281574,175.9264739760794
2019,41,10,115.75611402754784,218.3862959283717,116.3075455695726,222.41210245166602
2019,41,11,97.32225328359985,203.90206117751987,97.3332606703673,200.00761379601866
2019,41,12,102.3464319120131,180.1656165964587,102.79737263508288,181.16954146655002
2018,42,1,81.62354493692784,67.65533326629247,79.72869712254385,65.33387343728175
2018,42,2,90.33976236899979,53.23984890773101,90.01749098096158,49.891976363120605
2018,42,3,157.14417934890898,64.30558390529377,156.88803236454137,63.434495840033904
2018,42,4,125.02144238942014,78.14440090100638,123.96729591847435,79.61397741588236
2018,42,5,127.38360191611955,82.5955508600599,126.64211757381754,84.46782188863692
2018,42,6,153.5585470512064,96.15440446312579,154.95398873855603,98.04070096323765
2018,42,7,116.58849404277099,91.88371355156987,114.32151824872061,89.9958389528435
2018,42,8,62.75329458003351,116.21569829390744,59.90017942797055,117.87419468166135
2018,42,9,41.36985339821888,124.59910873374659,39.75694271926393,126.23770140030673
2018,42,10,44.66268538663326,100.07471824744816,44.98726432207915,98.45493908396419
2018,42,11,38.19243956717822,95.25089054211014,36.77435969808563,96.17847325544868
2018,42,12,52.51306949728356,72.0197162768163,53.64971666240016,71.26208204134517
2019,42,1,57.1935915525369,52.99739770416852,57.02478805526303,51.67043894433962
2019,42,2,75.20292781703817,41.106123264355794,76.21774022294882,39.73458314885077
2019,42,3,143.34418932719473,49.62604750636419,144.8691132683823,48.27055214297854
2019,42,4,203.33426297313738,63.05309043261493,204.89423260025194,62.9480685739913
2019,42,5,313.49531856672525,67.25526510356754,318.7479148567486,67.35132350329518
2019,42,6,418.11157230846345,85.11883995496837,424.84937180905746,86.84738858124793
2019,42,7,416.17264922546707,97.55053373516479,418.2927563658493,98.75457097102104
2019,42,8,332.61067256620527,110.86012426413372,333.65071277619825,114.44345142072737
2019,42,9,170.65723304094624,113.7753538594158,168.57880094536233,113.09175268925208
2019,42,10,124.02741853134303,122.21717882518655,126.30544963463855,124.80296880258392
2019,42,11,108.05089150653997,135.52347597692608,108.59181042793708,134.3746965029707
2019,42,12,103.3054187686515,123.90853888651004,105.0490825865968,125.12948908031231
2018,43,1,67.04848515997405,109.00466819716038,67.04799125064758,108.93869600832167
2018,43,2,70.106618131629,83.42213772774932,68.96341191746916,81.14851173359429
2018,43,3,105.50098659410199,85.98584481496292,106.38237182905984,84.92818218395045
2018,43,4,106.56884588124154,103.94579512742678,104.60719486682135,104.237171918219
2018,43,5,108.62756212171263,125.47158355915867,104.25215947437367,128.20495743766122
2018,43,6,129.89569147667405,142.08019249227075,131.958059229554,141.45365595988113
2018,43,7,100.761932389737,164.39246774551805,100.46336340236356,163.60335411570875
2018,43,8,69.16584792389959,222.27469887538703,66.3875174032557,224.77352935994196
2018,43,9,40.740582122081165,217.49323396347236,41.05441031432087,212.8327676012759
2018,43,10,24.94751999941868,188.9462691424414,26.72881995197732,185.01708760812718
2018,43,11,22.05001356827736,194.96433578505543,23.863701879508636,194.8474722093442
2018,43,12,32.99665820249929,150.15605824545264,32.549647209571525,149.3296846586116
2019,43,1,53.70378669380138,100.98677713345946,52.80477416469732,99.32417119506847
2019,43,2,66.54439371494101,73.39122680967886,66.11476850027911,72.20579142323109
2019,43,3,97.91430631250788,77.70501141827162,96.55367420106523,76.18700322445423
2019,43,4,128.38201116556067,89.523239771681,130.41836217489234,89.49809249759565
2019,43,5,212.36694506485048,118.13142858337882,211.2630513261106,117.724870745087
2019,43,6,361.820121894831,166.02915078641507,366.3165233247033,168.60144428404493
2019,43,7,408.30473906339716,196.01794411509465,415.8451556135351,202.03950494489396
2019,43,8,328.123077290407,238.66308718941795,342.42016157029207,248.42110034147197
2019,43,9,187.18629953672698,209.6753871715829,188.8506285932943,213.86867602934763
2019,43,10,109.06335615093386,250.04246561711102,111.84187727511166,239.85312593403367
2019,43,11,77.91689322885435,244.2448155973802,77.92218912236194,229.47337230627784
2019,43,12,71.6295956186954,218.44448566350007,71.13825149181194,226.35944621795113
2018,50,1,66.69986394024525,150.48015706776073,65.87054463742618,151.10333420308527
2018,50,2,96.66884666437535,123.53588900902639,96.50482942849466,124.08971752395948
2018,50,3,93.77495740734754,124.79733214918457,93.37271744215175,128.1023582529961
2018,50,4,85.50166317334953,116.29018921541947,83.48732610032658,117.18942473893274
2018,50,5,72.68518501933002,123.65383937707567,72.25127888740496,126.03227041748809
2018,50,6,70.08550367535496,184.05921215986743,70.00406944482054,189.268752784927
2018,50,7,53.02429953254653,171.79004074391622,51.036689667190544,171.88952029683526
2018,50,8,28.304654847865958,221.7686406644931,28.725275822551232,221.2010163478928
2018,50,9,33.93494092211069,170.00333204368135,33.52196199818007,163.29411076656336
2018,50,10,35.2360335078512,176.42807595236465,34.48129923330579,176.2138534241006
2018,50,11,43.774361461517245,160.23236476378955,43.93213562488754,161.91468762220012
2018,50,12,47.49399951232187,127.4317471347738,45.82230290320385,127.33312354969388
2019,50,1,58.57197433993932,120.9880215183735,55.45930530342373,123.01701719432927
2019,50,2,130.54977959283605,119.69291001662361,131.45845733992067,121.72218528771987
2019,50,3,129.22789730434238,140.95493615849,128.14034985810673,145.56718718128587
2019,50,4,296.2730862477354,131.47740965754232,303.39713830831954,134.5455991501941
2019,50,5,742.7104345501779,158.9606101650094,727.3251916697395,167.5892999391898
2019,50,6,793.661822445956,175.93115471049512,849.14667812025,189.61913590866308
2019,50,7,667.4864139065112,170.5407530688299,623.5188139073238,171.99463523395605
2019,50,8,382.41443307066515,146.53252004676278,383.95489322904973,148.53219643238236
2019,50,9,164.28031845423422,188.53948135955517,160.12169914681934,189.96036772300803
2019,50,10,105.26067409028839,355.07774622115875,106.09609138581673,390.19806796819955
2019,50,11,92.11156343754644,390.2536400510106,95.29096983361616,438.1526523089826
2019,50,12,82.65936373247978,330.78222548708027,83.87097657861943,331.3717702834731
2018,51,1,105.02491178208541,131.07317311583145,104.18683991353663,133.14772319874714
2018,51,2,114.23565136372639,111.14290643183513,113.4270574282734,112.64467135627076
2018,51,3,189.71842151331168,109.1012989713174,189.34685248767352,112.5521186699151
2018,51,4,220.4040416230549,89.95556004010255,223.04874938866683,88.29090139845947
2018,51,5,200.86583469593916,128.25548855858474,202.0122219351957,129.47943914812058
2018,51,6,193.01655066275703,161.90119960863453,188.54594749994482,166.06945193856777
2018,51,7,212.3582939122379,157.14344502271518,213.62959944656444,158.87136717654028
2018,51,8,116.50589803173911,181.02201223786145,116.79767144576567,187.0037560798682
2018,51,9,79.41746395559248,159.0120147818396,78.9133479564927,159.09329555254317
2018,51,10,54.004670492547405,170.53366783193184,52.81854536952497,168.89524599350736
2018,51,11,16.5897672500496,157.76987951752258,10.56370907390497,159.71910539302218
2018,51,12,51.60935706148086,133.04486351890336,48.40758653756396,132.73281174732776
2019,51,1,119.57019542955534,101.25532521788062,120.78914464219204,100.40347218807047
2019,51,2,134.7964537897885,107.75409994816783,135.2654562631176,108.87975891945501
2019,51,3,96.38912197584655,116.6314635583326,91.86587386451978,117.48100780525758
2019,51,4,148.14572173359338,118.42350519701145,147.9987399966965,120.06138247099832
2019,51,5,250.1783843437488,141.36020025208686,251.81500266869782,145.06894633626942
2019,51,6,294.619863689733,176.92088725285305,291.0961930922113,182.86302982778693
2019,51,7,420.5434474538507,143.25781034215294,428.5779964007066,145.7343519441444
2019,51,8,354.6860302563047,132.6961483056439,354.2256986722828,134.59574857905164
2019,51,9,237.7014842820125,138.06208324051613,237.50658073647543,137.31253043591096
2019,51,10,122.94613764108782,159.63543538553935,121.57306770374794,162.36101645851775
2019,51,11,89.56479746609924,183.71910977822975,89.1273961526458,188.05065086446135
2019,51,12,102.5829181880071,182.95543987266436,101.15619973153863,183.64081545347
2018,52,1,147.29247805659065,110.83823234359852,145.37327129782562,112.22667652678778
2018,52,2,176.85220507144444,81.16455742385641,177.21815737247078,76.07654302274689
2018,52,3,256.45406604871124,104.90608753406676,257.6588861438527,107.6400430362451
2018,52,4,347.8308977898687,99.012174489545,347.818783454582,98.93400444113297
2018,52,5,489.14667918432656,134.12696913099828,486.21735919596375,138.73073292730982
2018,52,6,688.341381888907,162.58042303627488,643.5226395680324,168.8448400723246
2018,52,7,475.23998024272095,189.08461941998584,480.5453478067575,189.99579794860344
2018,52,8,288.5488508209124,176.40592461680336,290.54741739704014,178.16599671232544
2018,52,9,161.99046876154986,180.7632864012358,159.9581418695307,186.73378207421644
2018,52,10,116.77973361620418,196.95914465760146,115.32234887491553,201.42084341555824
2018,52,11,111.50577002846136,189.05021266773787,106.39519027599256,187.6518732187991
2018,52,12,123.67170861812825,142.9304857075082,123.1276964453211,141.11264209506083
2019,52,1,210.0263378243753,115.01352402616992,209.8049181801964,115.03414702516488
2019,52,2,247.01854707655474,91.97726013420802,245.65830041628465,89.0355099050344
2019,52,3,319.7734112680588,103.58840314881668,317.6417594753986,105.4693702345442
2019,52,4,404.1888153306418,103.09796481411202,406.1102028436741,104.34116546700993
2019,52,5,688.082698795482,121.5247504114354,646.0191461866879,122.17779263591123
2019,52,6,789.2874522926816,177.62085495836075,851.4034069127529,194.1707723168411
2019,52,7,899.3789913486181,155.14933405622827,1031.364793226315,161.24340042363502
2019,52,8,765.2704009892564,149.28121248097244,752.5521263741027,151.36518885567324
2019,52,9,346.1984139227026,175.33460888055902,344.94877311050925,172.6351768508336
2019,52,10,198.42193405450905,219.7918665826723,198.61531984589436,221.42471331409226
2019,52,11,178.1304363628465,254.50519261033298,178.607598137528,248.17829998584432
2019,52,12,173.17987126506674,251.24483859687638,174.6060537958546,250.14601312098267
2018,53,1,124.43127023293997,4.755238389635912,124.93430698971714,4.327402047419444
2018,53,2,155.69549922543152,4.1467040166392115,154.6124266217359,4.327402047419444
2018,53,3,160.29730050967615,3.824768928377499,160.54805054813966,4.327402047419444
2018,53,4,154.29312801931707,3.8741388077512338,152.47620638886383,4.327402047419444
2018,53,5,141.8208531510282,4.278294384496841,141.60286861245206,4.327402047419444
2018,53,6,178.03212574487105,4.997170631918038,176.46407683539613,4.327402047419444
2018,53,7,146.383151527216,5.075562947150177,146.40044270175846,4.327402047419444
2018,53,8,94.19417445611441,4.857073221939929,94.09287115224784,4.327402047419444
2018,53,9,72.3701588040055,4.315849320651915,74.3723878977892,4.327402047419444
2018,53,10,68.38689019877698,4.348777811067258,70.42829124689749,4.327402047419444
2018,53,11,78.53658060357797,4.098024380907748,78.89844086127566,4.327402047419444
2018,53,12,88.20665952281502,3.976808741760345,89.85143972870802,4.327402047419444
2019,53,1,129.53156441837066,4.1550302134748645,129.0779152804208,4.327402047419444
2019,53,2,157.0894095005345,4.232795820107687,155.4411482798766,4.327402047419444
2019,53,3,172.26481251809696,4.687718794859021,169.97276382432435,4.327402047419444
2019,53,4,174.3440386478471,4.490067880967398,172.87908693321393,4.327402047419444
2019,53,5,176.7968816065475,5.0539130297557975,173.4603515549919,4.327402047419444
2019,53,6,178.3319490651555,5.613588478595921,173.57660447934742,4.327402047419444
2019,53,7,176.44328433335102,5.7821445348436935,173.59985506421862,4.327402047419444
2019,53,8,175.55041955603656,5.622133649572413,173.6045051811928,4.327402047419444
2019,53,9,177.49308044312963,4.196255338523941,173.60543520458762,4.327402047419444
2019,53,10,175.5475964993539,3.8957475649025106,173.60562120926664,4.327402047419444
2019,53,11,174.43582767914327,3.1847247154894225,173.60565841020244,4.327402047419444
2019,53,12,173.19487752114372,3.8966549756829116,173.6056658503895,4.327402047419444
